--
-- PostgreSQL database dump
--

-- Dumped from database version 15.2 (Debian 15.2-1.pgdg110+1)
-- Dumped by pg_dump version 15.2 (Debian 15.2-1.pgdg110+1)

SET statement_timeout = 0;
SET lock_timeout = 0;
SET idle_in_transaction_session_timeout = 0;
SET client_encoding = 'UTF8';
SET standard_conforming_strings = on;
SELECT pg_catalog.set_config('search_path', '', false);
SET check_function_bodies = false;
SET xmloption = content;
SET client_min_messages = warning;
SET row_security = off;

--
-- PostgreSQL database dump complete
--

--
-- PostgreSQL database dump
--

-- Dumped from database version 15.2 (Debian 15.2-1.pgdg110+1)
-- Dumped by pg_dump version 15.2 (Debian 15.2-1.pgdg110+1)

SET statement_timeout = 0;
SET lock_timeout = 0;
SET idle_in_transaction_session_timeout = 0;
SET client_encoding = 'UTF8';
SET standard_conforming_strings = on;
SELECT pg_catalog.set_config('search_path', '', false);
SET check_function_bodies = false;
SET xmloption = content;
SET client_min_messages = warning;
SET row_security = off;

--
-- PostgreSQL database dump complete
--

--
-- PostgreSQL database dump
--

-- Dumped from database version 15.2 (Debian 15.2-1.pgdg110+1)
-- Dumped by pg_dump version 15.2 (Debian 15.2-1.pgdg110+1)

SET statement_timeout = 0;
SET lock_timeout = 0;
SET idle_in_transaction_session_timeout = 0;
SET client_encoding = 'UTF8';
SET standard_conforming_strings = on;
SELECT pg_catalog.set_config('search_path', '', false);
SET check_function_bodies = false;
SET xmloption = content;
SET client_min_messages = warning;
SET row_security = off;

--
-- PostgreSQL database dump complete
--

--
-- PostgreSQL database dump
--

-- Dumped from database version 15.2 (Debian 15.2-1.pgdg110+1)
-- Dumped by pg_dump version 15.2 (Debian 15.2-1.pgdg110+1)

SET statement_timeout = 0;
SET lock_timeout = 0;
SET idle_in_transaction_session_timeout = 0;
SET client_encoding = 'UTF8';
SET standard_conforming_strings = on;
SELECT pg_catalog.set_config('search_path', '', false);
SET check_function_bodies = false;
SET xmloption = content;
SET client_min_messages = warning;
SET row_security = off;

SET default_tablespace = '';

SET default_table_access_method = heap;

--
-- Name: auth_group; Type: TABLE; Schema: public; Owner: Tmart_user
--

CREATE TABLE public.auth_group (
    id integer NOT NULL,
    name character varying(150) NOT NULL
);


ALTER TABLE public.auth_group OWNER TO "Tmart_user";

--
-- Name: auth_group_id_seq; Type: SEQUENCE; Schema: public; Owner: Tmart_user
--

ALTER TABLE public.auth_group ALTER COLUMN id ADD GENERATED BY DEFAULT AS IDENTITY (
    SEQUENCE NAME public.auth_group_id_seq
    START WITH 1
    INCREMENT BY 1
    NO MINVALUE
    NO MAXVALUE
    CACHE 1
);


--
-- Name: auth_group_permissions; Type: TABLE; Schema: public; Owner: Tmart_user
--

CREATE TABLE public.auth_group_permissions (
    id bigint NOT NULL,
    group_id integer NOT NULL,
    permission_id integer NOT NULL
);


ALTER TABLE public.auth_group_permissions OWNER TO "Tmart_user";

--
-- Name: auth_group_permissions_id_seq; Type: SEQUENCE; Schema: public; Owner: Tmart_user
--

ALTER TABLE public.auth_group_permissions ALTER COLUMN id ADD GENERATED BY DEFAULT AS IDENTITY (
    SEQUENCE NAME public.auth_group_permissions_id_seq
    START WITH 1
    INCREMENT BY 1
    NO MINVALUE
    NO MAXVALUE
    CACHE 1
);


--
-- Name: auth_permission; Type: TABLE; Schema: public; Owner: Tmart_user
--

CREATE TABLE public.auth_permission (
    id integer NOT NULL,
    name character varying(255) NOT NULL,
    content_type_id integer NOT NULL,
    codename character varying(100) NOT NULL
);


ALTER TABLE public.auth_permission OWNER TO "Tmart_user";

--
-- Name: auth_permission_id_seq; Type: SEQUENCE; Schema: public; Owner: Tmart_user
--

ALTER TABLE public.auth_permission ALTER COLUMN id ADD GENERATED BY DEFAULT AS IDENTITY (
    SEQUENCE NAME public.auth_permission_id_seq
    START WITH 1
    INCREMENT BY 1
    NO MINVALUE
    NO MAXVALUE
    CACHE 1
);


--
-- Name: auth_user; Type: TABLE; Schema: public; Owner: Tmart_user
--

CREATE TABLE public.auth_user (
    id integer NOT NULL,
    password character varying(128) NOT NULL,
    last_login timestamp with time zone,
    is_superuser boolean NOT NULL,
    username character varying(150) NOT NULL,
    first_name character varying(150) NOT NULL,
    last_name character varying(150) NOT NULL,
    email character varying(254) NOT NULL,
    is_staff boolean NOT NULL,
    is_active boolean NOT NULL,
    date_joined timestamp with time zone NOT NULL
);


ALTER TABLE public.auth_user OWNER TO "Tmart_user";

--
-- Name: auth_user_groups; Type: TABLE; Schema: public; Owner: Tmart_user
--

CREATE TABLE public.auth_user_groups (
    id bigint NOT NULL,
    user_id integer NOT NULL,
    group_id integer NOT NULL
);


ALTER TABLE public.auth_user_groups OWNER TO "Tmart_user";

--
-- Name: auth_user_groups_id_seq; Type: SEQUENCE; Schema: public; Owner: Tmart_user
--

ALTER TABLE public.auth_user_groups ALTER COLUMN id ADD GENERATED BY DEFAULT AS IDENTITY (
    SEQUENCE NAME public.auth_user_groups_id_seq
    START WITH 1
    INCREMENT BY 1
    NO MINVALUE
    NO MAXVALUE
    CACHE 1
);


--
-- Name: auth_user_id_seq; Type: SEQUENCE; Schema: public; Owner: Tmart_user
--

ALTER TABLE public.auth_user ALTER COLUMN id ADD GENERATED BY DEFAULT AS IDENTITY (
    SEQUENCE NAME public.auth_user_id_seq
    START WITH 1
    INCREMENT BY 1
    NO MINVALUE
    NO MAXVALUE
    CACHE 1
);


--
-- Name: auth_user_user_permissions; Type: TABLE; Schema: public; Owner: Tmart_user
--

CREATE TABLE public.auth_user_user_permissions (
    id bigint NOT NULL,
    user_id integer NOT NULL,
    permission_id integer NOT NULL
);


ALTER TABLE public.auth_user_user_permissions OWNER TO "Tmart_user";

--
-- Name: auth_user_user_permissions_id_seq; Type: SEQUENCE; Schema: public; Owner: Tmart_user
--

ALTER TABLE public.auth_user_user_permissions ALTER COLUMN id ADD GENERATED BY DEFAULT AS IDENTITY (
    SEQUENCE NAME public.auth_user_user_permissions_id_seq
    START WITH 1
    INCREMENT BY 1
    NO MINVALUE
    NO MAXVALUE
    CACHE 1
);


--
-- Name: blog_blog; Type: TABLE; Schema: public; Owner: Tmart_user
--

CREATE TABLE public.blog_blog (
    id bigint NOT NULL,
    title character varying(255) NOT NULL,
    blog text NOT NULL,
    image character varying(100) NOT NULL,
    slug character varying(200) NOT NULL,
    added_date timestamp with time zone NOT NULL,
    category_id bigint NOT NULL,
    products_id bigint NOT NULL,
    users_id integer NOT NULL
);


ALTER TABLE public.blog_blog OWNER TO "Tmart_user";

--
-- Name: blog_blog_id_seq; Type: SEQUENCE; Schema: public; Owner: Tmart_user
--

ALTER TABLE public.blog_blog ALTER COLUMN id ADD GENERATED BY DEFAULT AS IDENTITY (
    SEQUENCE NAME public.blog_blog_id_seq
    START WITH 1
    INCREMENT BY 1
    NO MINVALUE
    NO MAXVALUE
    CACHE 1
);


--
-- Name: blog_blog_tags; Type: TABLE; Schema: public; Owner: Tmart_user
--

CREATE TABLE public.blog_blog_tags (
    id bigint NOT NULL,
    blog_id bigint NOT NULL,
    blogtag_id bigint NOT NULL
);


ALTER TABLE public.blog_blog_tags OWNER TO "Tmart_user";

--
-- Name: blog_blog_tags_id_seq; Type: SEQUENCE; Schema: public; Owner: Tmart_user
--

ALTER TABLE public.blog_blog_tags ALTER COLUMN id ADD GENERATED BY DEFAULT AS IDENTITY (
    SEQUENCE NAME public.blog_blog_tags_id_seq
    START WITH 1
    INCREMENT BY 1
    NO MINVALUE
    NO MAXVALUE
    CACHE 1
);


--
-- Name: blog_blogcategory; Type: TABLE; Schema: public; Owner: Tmart_user
--

CREATE TABLE public.blog_blogcategory (
    id bigint NOT NULL,
    category_name character varying(200) NOT NULL,
    slug character varying(200) NOT NULL,
    main_category_id bigint
);


ALTER TABLE public.blog_blogcategory OWNER TO "Tmart_user";

--
-- Name: blog_blogcategory_id_seq; Type: SEQUENCE; Schema: public; Owner: Tmart_user
--

ALTER TABLE public.blog_blogcategory ALTER COLUMN id ADD GENERATED BY DEFAULT AS IDENTITY (
    SEQUENCE NAME public.blog_blogcategory_id_seq
    START WITH 1
    INCREMENT BY 1
    NO MINVALUE
    NO MAXVALUE
    CACHE 1
);


--
-- Name: blog_blogtag; Type: TABLE; Schema: public; Owner: Tmart_user
--

CREATE TABLE public.blog_blogtag (
    id bigint NOT NULL,
    tag_name character varying(200) NOT NULL,
    slug character varying(200) NOT NULL,
    active boolean NOT NULL
);


ALTER TABLE public.blog_blogtag OWNER TO "Tmart_user";

--
-- Name: blog_blogtag_id_seq; Type: SEQUENCE; Schema: public; Owner: Tmart_user
--

ALTER TABLE public.blog_blogtag ALTER COLUMN id ADD GENERATED BY DEFAULT AS IDENTITY (
    SEQUENCE NAME public.blog_blogtag_id_seq
    START WITH 1
    INCREMENT BY 1
    NO MINVALUE
    NO MAXVALUE
    CACHE 1
);


--
-- Name: blog_comment; Type: TABLE; Schema: public; Owner: Tmart_user
--

CREATE TABLE public.blog_comment (
    id bigint NOT NULL,
    name character varying(200) NOT NULL,
    email character varying(250) NOT NULL,
    message text NOT NULL,
    date timestamp with time zone NOT NULL,
    blogs_id bigint NOT NULL,
    users_id integer NOT NULL
);


ALTER TABLE public.blog_comment OWNER TO "Tmart_user";

--
-- Name: blog_comment_id_seq; Type: SEQUENCE; Schema: public; Owner: Tmart_user
--

ALTER TABLE public.blog_comment ALTER COLUMN id ADD GENERATED BY DEFAULT AS IDENTITY (
    SEQUENCE NAME public.blog_comment_id_seq
    START WITH 1
    INCREMENT BY 1
    NO MINVALUE
    NO MAXVALUE
    CACHE 1
);


--
-- Name: core_contact; Type: TABLE; Schema: public; Owner: Tmart_user
--

CREATE TABLE public.core_contact (
    id bigint NOT NULL,
    name character varying(200) NOT NULL,
    email character varying(200) NOT NULL,
    subject character varying(255) NOT NULL,
    "Message" text NOT NULL,
    created_at timestamp with time zone NOT NULL,
    updated_at timestamp with time zone NOT NULL
);


ALTER TABLE public.core_contact OWNER TO "Tmart_user";

--
-- Name: core_contact_id_seq; Type: SEQUENCE; Schema: public; Owner: Tmart_user
--

ALTER TABLE public.core_contact ALTER COLUMN id ADD GENERATED BY DEFAULT AS IDENTITY (
    SEQUENCE NAME public.core_contact_id_seq
    START WITH 1
    INCREMENT BY 1
    NO MINVALUE
    NO MAXVALUE
    CACHE 1
);


--
-- Name: core_newsletter; Type: TABLE; Schema: public; Owner: Tmart_user
--

CREATE TABLE public.core_newsletter (
    id bigint NOT NULL,
    email character varying(250) NOT NULL,
    created_at timestamp with time zone NOT NULL,
    updated_at timestamp with time zone NOT NULL
);


ALTER TABLE public.core_newsletter OWNER TO "Tmart_user";

--
-- Name: core_newsletter_id_seq; Type: SEQUENCE; Schema: public; Owner: Tmart_user
--

ALTER TABLE public.core_newsletter ALTER COLUMN id ADD GENERATED BY DEFAULT AS IDENTITY (
    SEQUENCE NAME public.core_newsletter_id_seq
    START WITH 1
    INCREMENT BY 1
    NO MINVALUE
    NO MAXVALUE
    CACHE 1
);


--
-- Name: core_team; Type: TABLE; Schema: public; Owner: Tmart_user
--

CREATE TABLE public.core_team (
    id bigint NOT NULL,
    full_name character varying(200) NOT NULL,
    email character varying(250) NOT NULL,
    profession character varying(200) NOT NULL,
    department character varying(200) NOT NULL,
    salary integer NOT NULL,
    information text NOT NULL,
    image character varying(100) NOT NULL
);


ALTER TABLE public.core_team OWNER TO "Tmart_user";

--
-- Name: core_team_id_seq; Type: SEQUENCE; Schema: public; Owner: Tmart_user
--

ALTER TABLE public.core_team ALTER COLUMN id ADD GENERATED BY DEFAULT AS IDENTITY (
    SEQUENCE NAME public.core_team_id_seq
    START WITH 1
    INCREMENT BY 1
    NO MINVALUE
    NO MAXVALUE
    CACHE 1
);


--
-- Name: django_admin_log; Type: TABLE; Schema: public; Owner: Tmart_user
--

CREATE TABLE public.django_admin_log (
    id integer NOT NULL,
    action_time timestamp with time zone NOT NULL,
    object_id text,
    object_repr character varying(200) NOT NULL,
    action_flag smallint NOT NULL,
    change_message text NOT NULL,
    content_type_id integer,
    user_id integer NOT NULL,
    CONSTRAINT django_admin_log_action_flag_check CHECK ((action_flag >= 0))
);


ALTER TABLE public.django_admin_log OWNER TO "Tmart_user";

--
-- Name: django_admin_log_id_seq; Type: SEQUENCE; Schema: public; Owner: Tmart_user
--

ALTER TABLE public.django_admin_log ALTER COLUMN id ADD GENERATED BY DEFAULT AS IDENTITY (
    SEQUENCE NAME public.django_admin_log_id_seq
    START WITH 1
    INCREMENT BY 1
    NO MINVALUE
    NO MAXVALUE
    CACHE 1
);


--
-- Name: django_content_type; Type: TABLE; Schema: public; Owner: Tmart_user
--

CREATE TABLE public.django_content_type (
    id integer NOT NULL,
    app_label character varying(100) NOT NULL,
    model character varying(100) NOT NULL
);


ALTER TABLE public.django_content_type OWNER TO "Tmart_user";

--
-- Name: django_content_type_id_seq; Type: SEQUENCE; Schema: public; Owner: Tmart_user
--

ALTER TABLE public.django_content_type ALTER COLUMN id ADD GENERATED BY DEFAULT AS IDENTITY (
    SEQUENCE NAME public.django_content_type_id_seq
    START WITH 1
    INCREMENT BY 1
    NO MINVALUE
    NO MAXVALUE
    CACHE 1
);


--
-- Name: django_migrations; Type: TABLE; Schema: public; Owner: Tmart_user
--

CREATE TABLE public.django_migrations (
    id bigint NOT NULL,
    app character varying(255) NOT NULL,
    name character varying(255) NOT NULL,
    applied timestamp with time zone NOT NULL
);


ALTER TABLE public.django_migrations OWNER TO "Tmart_user";

--
-- Name: django_migrations_id_seq; Type: SEQUENCE; Schema: public; Owner: Tmart_user
--

ALTER TABLE public.django_migrations ALTER COLUMN id ADD GENERATED BY DEFAULT AS IDENTITY (
    SEQUENCE NAME public.django_migrations_id_seq
    START WITH 1
    INCREMENT BY 1
    NO MINVALUE
    NO MAXVALUE
    CACHE 1
);


--
-- Name: django_session; Type: TABLE; Schema: public; Owner: Tmart_user
--

CREATE TABLE public.django_session (
    session_key character varying(40) NOT NULL,
    session_data text NOT NULL,
    expire_date timestamp with time zone NOT NULL
);


ALTER TABLE public.django_session OWNER TO "Tmart_user";

--
-- Name: order_billing; Type: TABLE; Schema: public; Owner: Tmart_user
--

CREATE TABLE public.order_billing (
    id bigint NOT NULL,
    first_name character varying(200) NOT NULL,
    last_name character varying(200) NOT NULL,
    email character varying(255) NOT NULL,
    phone_number character varying(20) NOT NULL,
    message text NOT NULL,
    country character varying(255) NOT NULL,
    company character varying(255) NOT NULL,
    state character varying(255) NOT NULL,
    zipcode character varying(255) NOT NULL,
    card_name character varying(100) NOT NULL,
    card_number character varying(50) NOT NULL,
    date timestamp with time zone NOT NULL,
    security_code character varying(50) NOT NULL,
    user_id integer NOT NULL
);


ALTER TABLE public.order_billing OWNER TO "Tmart_user";

--
-- Name: order_billing_id_seq; Type: SEQUENCE; Schema: public; Owner: Tmart_user
--

ALTER TABLE public.order_billing ALTER COLUMN id ADD GENERATED BY DEFAULT AS IDENTITY (
    SEQUENCE NAME public.order_billing_id_seq
    START WITH 1
    INCREMENT BY 1
    NO MINVALUE
    NO MAXVALUE
    CACHE 1
);


--
-- Name: order_cart; Type: TABLE; Schema: public; Owner: Tmart_user
--

CREATE TABLE public.order_cart (
    id bigint NOT NULL,
    product_name character varying(200) NOT NULL,
    price numeric(10,2) NOT NULL,
    quantity integer NOT NULL,
    total_price integer NOT NULL,
    image character varying(100) NOT NULL,
    flat_rate boolean NOT NULL,
    free_shipping boolean NOT NULL
);


ALTER TABLE public.order_cart OWNER TO "Tmart_user";

--
-- Name: order_cart_id_seq; Type: SEQUENCE; Schema: public; Owner: Tmart_user
--

ALTER TABLE public.order_cart ALTER COLUMN id ADD GENERATED BY DEFAULT AS IDENTITY (
    SEQUENCE NAME public.order_cart_id_seq
    START WITH 1
    INCREMENT BY 1
    NO MINVALUE
    NO MAXVALUE
    CACHE 1
);


--
-- Name: order_cart_user; Type: TABLE; Schema: public; Owner: Tmart_user
--

CREATE TABLE public.order_cart_user (
    id bigint NOT NULL,
    cart_id bigint NOT NULL,
    user_id integer NOT NULL
);


ALTER TABLE public.order_cart_user OWNER TO "Tmart_user";

--
-- Name: order_cart_user_id_seq; Type: SEQUENCE; Schema: public; Owner: Tmart_user
--

ALTER TABLE public.order_cart_user ALTER COLUMN id ADD GENERATED BY DEFAULT AS IDENTITY (
    SEQUENCE NAME public.order_cart_user_id_seq
    START WITH 1
    INCREMENT BY 1
    NO MINVALUE
    NO MAXVALUE
    CACHE 1
);


--
-- Name: order_wishlist; Type: TABLE; Schema: public; Owner: Tmart_user
--

CREATE TABLE public.order_wishlist (
    id bigint NOT NULL,
    product_name character varying(200) NOT NULL,
    new_price numeric(10,2) NOT NULL,
    in_stock boolean NOT NULL,
    image character varying(100) NOT NULL
);


ALTER TABLE public.order_wishlist OWNER TO "Tmart_user";

--
-- Name: order_wishlist_id_seq; Type: SEQUENCE; Schema: public; Owner: Tmart_user
--

ALTER TABLE public.order_wishlist ALTER COLUMN id ADD GENERATED BY DEFAULT AS IDENTITY (
    SEQUENCE NAME public.order_wishlist_id_seq
    START WITH 1
    INCREMENT BY 1
    NO MINVALUE
    NO MAXVALUE
    CACHE 1
);


--
-- Name: order_wishlist_user; Type: TABLE; Schema: public; Owner: Tmart_user
--

CREATE TABLE public.order_wishlist_user (
    id bigint NOT NULL,
    wishlist_id bigint NOT NULL,
    user_id integer NOT NULL
);


ALTER TABLE public.order_wishlist_user OWNER TO "Tmart_user";

--
-- Name: order_wishlist_user_id_seq; Type: SEQUENCE; Schema: public; Owner: Tmart_user
--

ALTER TABLE public.order_wishlist_user ALTER COLUMN id ADD GENERATED BY DEFAULT AS IDENTITY (
    SEQUENCE NAME public.order_wishlist_user_id_seq
    START WITH 1
    INCREMENT BY 1
    NO MINVALUE
    NO MAXVALUE
    CACHE 1
);


--
-- Name: product_category; Type: TABLE; Schema: public; Owner: Tmart_user
--

CREATE TABLE public.product_category (
    id bigint NOT NULL,
    category_name character varying(200) NOT NULL,
    slug character varying(200) NOT NULL,
    main_category_id bigint
);


ALTER TABLE public.product_category OWNER TO "Tmart_user";

--
-- Name: product_category_id_seq; Type: SEQUENCE; Schema: public; Owner: Tmart_user
--

ALTER TABLE public.product_category ALTER COLUMN id ADD GENERATED BY DEFAULT AS IDENTITY (
    SEQUENCE NAME public.product_category_id_seq
    START WITH 1
    INCREMENT BY 1
    NO MINVALUE
    NO MAXVALUE
    CACHE 1
);


--
-- Name: product_product; Type: TABLE; Schema: public; Owner: Tmart_user
--

CREATE TABLE public.product_product (
    id bigint NOT NULL,
    title character varying(255) NOT NULL,
    small_description character varying(200) NOT NULL,
    large_description text NOT NULL,
    price numeric(10,2) NOT NULL,
    new_price numeric(10,2) NOT NULL,
    slug character varying(200) NOT NULL,
    in_stock boolean NOT NULL,
    created timestamp with time zone NOT NULL,
    updated timestamp with time zone NOT NULL,
    total integer NOT NULL,
    category_id bigint NOT NULL
);


ALTER TABLE public.product_product OWNER TO "Tmart_user";

--
-- Name: product_product_id_seq; Type: SEQUENCE; Schema: public; Owner: Tmart_user
--

ALTER TABLE public.product_product ALTER COLUMN id ADD GENERATED BY DEFAULT AS IDENTITY (
    SEQUENCE NAME public.product_product_id_seq
    START WITH 1
    INCREMENT BY 1
    NO MINVALUE
    NO MAXVALUE
    CACHE 1
);


--
-- Name: product_product_tags; Type: TABLE; Schema: public; Owner: Tmart_user
--

CREATE TABLE public.product_product_tags (
    id bigint NOT NULL,
    product_id bigint NOT NULL,
    producttag_id bigint NOT NULL
);


ALTER TABLE public.product_product_tags OWNER TO "Tmart_user";

--
-- Name: product_product_tags_id_seq; Type: SEQUENCE; Schema: public; Owner: Tmart_user
--

ALTER TABLE public.product_product_tags ALTER COLUMN id ADD GENERATED BY DEFAULT AS IDENTITY (
    SEQUENCE NAME public.product_product_tags_id_seq
    START WITH 1
    INCREMENT BY 1
    NO MINVALUE
    NO MAXVALUE
    CACHE 1
);


--
-- Name: product_productimage; Type: TABLE; Schema: public; Owner: Tmart_user
--

CREATE TABLE public.product_productimage (
    id bigint NOT NULL,
    image character varying(100) NOT NULL,
    product_id bigint NOT NULL
);


ALTER TABLE public.product_productimage OWNER TO "Tmart_user";

--
-- Name: product_productimage_id_seq; Type: SEQUENCE; Schema: public; Owner: Tmart_user
--

ALTER TABLE public.product_productimage ALTER COLUMN id ADD GENERATED BY DEFAULT AS IDENTITY (
    SEQUENCE NAME public.product_productimage_id_seq
    START WITH 1
    INCREMENT BY 1
    NO MINVALUE
    NO MAXVALUE
    CACHE 1
);


--
-- Name: product_productproperty; Type: TABLE; Schema: public; Owner: Tmart_user
--

CREATE TABLE public.product_productproperty (
    id bigint NOT NULL,
    property_name character varying(50) NOT NULL,
    slug character varying(200) NOT NULL
);


ALTER TABLE public.product_productproperty OWNER TO "Tmart_user";

--
-- Name: product_productproperty_id_seq; Type: SEQUENCE; Schema: public; Owner: Tmart_user
--

ALTER TABLE public.product_productproperty ALTER COLUMN id ADD GENERATED BY DEFAULT AS IDENTITY (
    SEQUENCE NAME public.product_productproperty_id_seq
    START WITH 1
    INCREMENT BY 1
    NO MINVALUE
    NO MAXVALUE
    CACHE 1
);


--
-- Name: product_productproperty_products; Type: TABLE; Schema: public; Owner: Tmart_user
--

CREATE TABLE public.product_productproperty_products (
    id bigint NOT NULL,
    productproperty_id bigint NOT NULL,
    product_id bigint NOT NULL
);


ALTER TABLE public.product_productproperty_products OWNER TO "Tmart_user";

--
-- Name: product_productproperty_products_id_seq; Type: SEQUENCE; Schema: public; Owner: Tmart_user
--

ALTER TABLE public.product_productproperty_products ALTER COLUMN id ADD GENERATED BY DEFAULT AS IDENTITY (
    SEQUENCE NAME public.product_productproperty_products_id_seq
    START WITH 1
    INCREMENT BY 1
    NO MINVALUE
    NO MAXVALUE
    CACHE 1
);


--
-- Name: product_producttag; Type: TABLE; Schema: public; Owner: Tmart_user
--

CREATE TABLE public.product_producttag (
    id bigint NOT NULL,
    tag_name character varying(200) NOT NULL,
    slug character varying(200) NOT NULL,
    active boolean NOT NULL
);


ALTER TABLE public.product_producttag OWNER TO "Tmart_user";

--
-- Name: product_producttag_id_seq; Type: SEQUENCE; Schema: public; Owner: Tmart_user
--

ALTER TABLE public.product_producttag ALTER COLUMN id ADD GENERATED BY DEFAULT AS IDENTITY (
    SEQUENCE NAME public.product_producttag_id_seq
    START WITH 1
    INCREMENT BY 1
    NO MINVALUE
    NO MAXVALUE
    CACHE 1
);


--
-- Name: product_propertyvalue; Type: TABLE; Schema: public; Owner: Tmart_user
--

CREATE TABLE public.product_propertyvalue (
    id bigint NOT NULL,
    value_name character varying(50) NOT NULL,
    slug character varying(200) NOT NULL,
    product_value_id bigint NOT NULL
);


ALTER TABLE public.product_propertyvalue OWNER TO "Tmart_user";

--
-- Name: product_propertyvalue_id_seq; Type: SEQUENCE; Schema: public; Owner: Tmart_user
--

ALTER TABLE public.product_propertyvalue ALTER COLUMN id ADD GENERATED BY DEFAULT AS IDENTITY (
    SEQUENCE NAME public.product_propertyvalue_id_seq
    START WITH 1
    INCREMENT BY 1
    NO MINVALUE
    NO MAXVALUE
    CACHE 1
);


--
-- Name: product_review; Type: TABLE; Schema: public; Owner: Tmart_user
--

CREATE TABLE public.product_review (
    id bigint NOT NULL,
    name character varying(200) NOT NULL,
    email character varying(250) NOT NULL,
    review text NOT NULL,
    date timestamp with time zone NOT NULL,
    products_id bigint NOT NULL,
    users_id integer NOT NULL
);


ALTER TABLE public.product_review OWNER TO "Tmart_user";

--
-- Name: product_review_id_seq; Type: SEQUENCE; Schema: public; Owner: Tmart_user
--

ALTER TABLE public.product_review ALTER COLUMN id ADD GENERATED BY DEFAULT AS IDENTITY (
    SEQUENCE NAME public.product_review_id_seq
    START WITH 1
    INCREMENT BY 1
    NO MINVALUE
    NO MAXVALUE
    CACHE 1
);


--
-- Data for Name: auth_group; Type: TABLE DATA; Schema: public; Owner: Tmart_user
--

COPY public.auth_group (id, name) FROM stdin;
\.


--
-- Data for Name: auth_group_permissions; Type: TABLE DATA; Schema: public; Owner: Tmart_user
--

COPY public.auth_group_permissions (id, group_id, permission_id) FROM stdin;
\.


--
-- Data for Name: auth_permission; Type: TABLE DATA; Schema: public; Owner: Tmart_user
--

COPY public.auth_permission (id, name, content_type_id, codename) FROM stdin;
1	Can add log entry	1	add_logentry
2	Can change log entry	1	change_logentry
3	Can delete log entry	1	delete_logentry
4	Can view log entry	1	view_logentry
5	Can add permission	2	add_permission
6	Can change permission	2	change_permission
7	Can delete permission	2	delete_permission
8	Can view permission	2	view_permission
9	Can add group	3	add_group
10	Can change group	3	change_group
11	Can delete group	3	delete_group
12	Can view group	3	view_group
13	Can add user	4	add_user
14	Can change user	4	change_user
15	Can delete user	4	delete_user
16	Can view user	4	view_user
17	Can add content type	5	add_contenttype
18	Can change content type	5	change_contenttype
19	Can delete content type	5	delete_contenttype
20	Can view content type	5	view_contenttype
21	Can add session	6	add_session
22	Can change session	6	change_session
23	Can delete session	6	delete_session
24	Can view session	6	view_session
25	Can add category	7	add_category
26	Can change category	7	change_category
27	Can delete category	7	delete_category
28	Can view category	7	view_category
29	Can add product	8	add_product
30	Can change product	8	change_product
31	Can delete product	8	delete_product
32	Can view product	8	view_product
33	Can add product property	9	add_productproperty
34	Can change product property	9	change_productproperty
35	Can delete product property	9	delete_productproperty
36	Can view product property	9	view_productproperty
37	Can add product tag	10	add_producttag
38	Can change product tag	10	change_producttag
39	Can delete product tag	10	delete_producttag
40	Can view product tag	10	view_producttag
41	Can add review	11	add_review
42	Can change review	11	change_review
43	Can delete review	11	delete_review
44	Can view review	11	view_review
45	Can add property value	12	add_propertyvalue
46	Can change property value	12	change_propertyvalue
47	Can delete property value	12	delete_propertyvalue
48	Can view property value	12	view_propertyvalue
49	Can add product image	13	add_productimage
50	Can change product image	13	change_productimage
51	Can delete product image	13	delete_productimage
52	Can view product image	13	view_productimage
53	Can add contact	14	add_contact
54	Can change contact	14	change_contact
55	Can delete contact	14	delete_contact
56	Can view contact	14	view_contact
57	Can add newsletter	15	add_newsletter
58	Can change newsletter	15	change_newsletter
59	Can delete newsletter	15	delete_newsletter
60	Can view newsletter	15	view_newsletter
61	Can add team	16	add_team
62	Can change team	16	change_team
63	Can delete team	16	delete_team
64	Can view team	16	view_team
65	Can add blog	17	add_blog
66	Can change blog	17	change_blog
67	Can delete blog	17	delete_blog
68	Can view blog	17	view_blog
69	Can add blog tag	18	add_blogtag
70	Can change blog tag	18	change_blogtag
71	Can delete blog tag	18	delete_blogtag
72	Can view blog tag	18	view_blogtag
73	Can add comment	19	add_comment
74	Can change comment	19	change_comment
75	Can delete comment	19	delete_comment
76	Can view comment	19	view_comment
77	Can add blog category	20	add_blogcategory
78	Can change blog category	20	change_blogcategory
79	Can delete blog category	20	delete_blogcategory
80	Can view blog category	20	view_blogcategory
81	Can add wishlist	21	add_wishlist
82	Can change wishlist	21	change_wishlist
83	Can delete wishlist	21	delete_wishlist
84	Can view wishlist	21	view_wishlist
85	Can add cart	22	add_cart
86	Can change cart	22	change_cart
87	Can delete cart	22	delete_cart
88	Can view cart	22	view_cart
89	Can add billing	23	add_billing
90	Can change billing	23	change_billing
91	Can delete billing	23	delete_billing
92	Can view billing	23	view_billing
93	Can add user data	24	add_userdata
94	Can change user data	24	change_userdata
95	Can delete user data	24	delete_userdata
96	Can view user data	24	view_userdata
\.


--
-- Data for Name: auth_user; Type: TABLE DATA; Schema: public; Owner: Tmart_user
--

COPY public.auth_user (id, password, last_login, is_superuser, username, first_name, last_name, email, is_staff, is_active, date_joined) FROM stdin;
1	pbkdf2_sha256$390000$oaioRG5nJGxcmDLyqYXiZs$LhhZejjoQH156jVRWP3BYsB1q9RJnwuv6IZvg3yAeLc=	\N	t	shabnam			sebnemadil@gmail.com	t	t	2023-04-27 10:45:24.740258+00
\.


--
-- Data for Name: auth_user_groups; Type: TABLE DATA; Schema: public; Owner: Tmart_user
--

COPY public.auth_user_groups (id, user_id, group_id) FROM stdin;
\.


--
-- Data for Name: auth_user_user_permissions; Type: TABLE DATA; Schema: public; Owner: Tmart_user
--

COPY public.auth_user_user_permissions (id, user_id, permission_id) FROM stdin;
\.


--
-- Data for Name: blog_blog; Type: TABLE DATA; Schema: public; Owner: Tmart_user
--

COPY public.blog_blog (id, title, blog, image, slug, added_date, category_id, products_id, users_id) FROM stdin;
\.


--
-- Data for Name: blog_blog_tags; Type: TABLE DATA; Schema: public; Owner: Tmart_user
--

COPY public.blog_blog_tags (id, blog_id, blogtag_id) FROM stdin;
\.


--
-- Data for Name: blog_blogcategory; Type: TABLE DATA; Schema: public; Owner: Tmart_user
--

COPY public.blog_blogcategory (id, category_name, slug, main_category_id) FROM stdin;
\.


--
-- Data for Name: blog_blogtag; Type: TABLE DATA; Schema: public; Owner: Tmart_user
--

COPY public.blog_blogtag (id, tag_name, slug, active) FROM stdin;
\.


--
-- Data for Name: blog_comment; Type: TABLE DATA; Schema: public; Owner: Tmart_user
--

COPY public.blog_comment (id, name, email, message, date, blogs_id, users_id) FROM stdin;
\.


--
-- Data for Name: core_contact; Type: TABLE DATA; Schema: public; Owner: Tmart_user
--

COPY public.core_contact (id, name, email, subject, "Message", created_at, updated_at) FROM stdin;
\.


--
-- Data for Name: core_newsletter; Type: TABLE DATA; Schema: public; Owner: Tmart_user
--

COPY public.core_newsletter (id, email, created_at, updated_at) FROM stdin;
\.


--
-- Data for Name: core_team; Type: TABLE DATA; Schema: public; Owner: Tmart_user
--

COPY public.core_team (id, full_name, email, profession, department, salary, information, image) FROM stdin;
\.


--
-- Data for Name: django_admin_log; Type: TABLE DATA; Schema: public; Owner: Tmart_user
--

COPY public.django_admin_log (id, action_time, object_id, object_repr, action_flag, change_message, content_type_id, user_id) FROM stdin;
\.


--
-- Data for Name: django_content_type; Type: TABLE DATA; Schema: public; Owner: Tmart_user
--

COPY public.django_content_type (id, app_label, model) FROM stdin;
1	admin	logentry
2	auth	permission
3	auth	group
4	auth	user
5	contenttypes	contenttype
6	sessions	session
7	product	category
8	product	product
9	product	productproperty
10	product	producttag
11	product	review
12	product	propertyvalue
13	product	productimage
14	core	contact
15	core	newsletter
16	core	team
17	blog	blog
18	blog	blogtag
19	blog	comment
20	blog	blogcategory
21	order	wishlist
22	order	cart
23	order	billing
24	accounts	userdata
\.


--
-- Data for Name: django_migrations; Type: TABLE DATA; Schema: public; Owner: Tmart_user
--

COPY public.django_migrations (id, app, name, applied) FROM stdin;
1	contenttypes	0001_initial	2023-04-27 10:44:15.679381+00
2	auth	0001_initial	2023-04-27 10:44:15.802552+00
3	admin	0001_initial	2023-04-27 10:44:15.836309+00
4	admin	0002_logentry_remove_auto_add	2023-04-27 10:44:15.849311+00
5	admin	0003_logentry_add_action_flag_choices	2023-04-27 10:44:15.863328+00
6	contenttypes	0002_remove_content_type_name	2023-04-27 10:44:15.884308+00
7	auth	0002_alter_permission_name_max_length	2023-04-27 10:44:15.896861+00
8	auth	0003_alter_user_email_max_length	2023-04-27 10:44:15.908307+00
9	auth	0004_alter_user_username_opts	2023-04-27 10:44:15.920316+00
10	auth	0005_alter_user_last_login_null	2023-04-27 10:44:15.935309+00
11	auth	0006_require_contenttypes_0002	2023-04-27 10:44:15.941371+00
12	auth	0007_alter_validators_add_error_messages	2023-04-27 10:44:15.95331+00
13	auth	0008_alter_user_username_max_length	2023-04-27 10:44:15.970496+00
14	auth	0009_alter_user_last_name_max_length	2023-04-27 10:44:15.982495+00
15	auth	0010_alter_group_name_max_length	2023-04-27 10:44:15.998676+00
16	auth	0011_update_proxy_permissions	2023-04-27 10:44:16.011797+00
17	auth	0012_alter_user_first_name_max_length	2023-04-27 10:44:16.023796+00
18	product	0001_initial	2023-04-27 10:44:16.225269+00
19	blog	0001_initial	2023-04-27 10:44:16.406536+00
20	blog	0002_alter_blogtag_slug	2023-04-27 10:44:16.433406+00
21	core	0001_initial	2023-04-27 10:44:16.491323+00
22	core	0002_contact_created_at_contact_updated_at	2023-04-27 10:44:16.502298+00
23	core	0003_newsletter_created_at_newsletter_updated_at	2023-04-27 10:44:16.516471+00
24	order	0001_initial	2023-04-27 10:44:16.641891+00
25	product	0002_alter_productproperty_slug_alter_producttag_slug_and_more	2023-04-27 10:44:16.693201+00
26	sessions	0001_initial	2023-04-27 10:44:16.717843+00
\.


--
-- Data for Name: django_session; Type: TABLE DATA; Schema: public; Owner: Tmart_user
--

COPY public.django_session (session_key, session_data, expire_date) FROM stdin;
\.


--
-- Data for Name: order_billing; Type: TABLE DATA; Schema: public; Owner: Tmart_user
--

COPY public.order_billing (id, first_name, last_name, email, phone_number, message, country, company, state, zipcode, card_name, card_number, date, security_code, user_id) FROM stdin;
\.


--
-- Data for Name: order_cart; Type: TABLE DATA; Schema: public; Owner: Tmart_user
--

COPY public.order_cart (id, product_name, price, quantity, total_price, image, flat_rate, free_shipping) FROM stdin;
\.


--
-- Data for Name: order_cart_user; Type: TABLE DATA; Schema: public; Owner: Tmart_user
--

COPY public.order_cart_user (id, cart_id, user_id) FROM stdin;
\.


--
-- Data for Name: order_wishlist; Type: TABLE DATA; Schema: public; Owner: Tmart_user
--

COPY public.order_wishlist (id, product_name, new_price, in_stock, image) FROM stdin;
\.


--
-- Data for Name: order_wishlist_user; Type: TABLE DATA; Schema: public; Owner: Tmart_user
--

COPY public.order_wishlist_user (id, wishlist_id, user_id) FROM stdin;
\.


--
-- Data for Name: product_category; Type: TABLE DATA; Schema: public; Owner: Tmart_user
--

COPY public.product_category (id, category_name, slug, main_category_id) FROM stdin;
\.


--
-- Data for Name: product_product; Type: TABLE DATA; Schema: public; Owner: Tmart_user
--

COPY public.product_product (id, title, small_description, large_description, price, new_price, slug, in_stock, created, updated, total, category_id) FROM stdin;
\.


--
-- Data for Name: product_product_tags; Type: TABLE DATA; Schema: public; Owner: Tmart_user
--

COPY public.product_product_tags (id, product_id, producttag_id) FROM stdin;
\.


--
-- Data for Name: product_productimage; Type: TABLE DATA; Schema: public; Owner: Tmart_user
--

COPY public.product_productimage (id, image, product_id) FROM stdin;
\.


--
-- Data for Name: product_productproperty; Type: TABLE DATA; Schema: public; Owner: Tmart_user
--

COPY public.product_productproperty (id, property_name, slug) FROM stdin;
\.


--
-- Data for Name: product_productproperty_products; Type: TABLE DATA; Schema: public; Owner: Tmart_user
--

COPY public.product_productproperty_products (id, productproperty_id, product_id) FROM stdin;
\.


--
-- Data for Name: product_producttag; Type: TABLE DATA; Schema: public; Owner: Tmart_user
--

COPY public.product_producttag (id, tag_name, slug, active) FROM stdin;
\.


--
-- Data for Name: product_propertyvalue; Type: TABLE DATA; Schema: public; Owner: Tmart_user
--

COPY public.product_propertyvalue (id, value_name, slug, product_value_id) FROM stdin;
\.


--
-- Data for Name: product_review; Type: TABLE DATA; Schema: public; Owner: Tmart_user
--

COPY public.product_review (id, name, email, review, date, products_id, users_id) FROM stdin;
\.


--
-- Name: auth_group_id_seq; Type: SEQUENCE SET; Schema: public; Owner: Tmart_user
--

SELECT pg_catalog.setval('public.auth_group_id_seq', 1, false);


--
-- Name: auth_group_permissions_id_seq; Type: SEQUENCE SET; Schema: public; Owner: Tmart_user
--

SELECT pg_catalog.setval('public.auth_group_permissions_id_seq', 1, false);


--
-- Name: auth_permission_id_seq; Type: SEQUENCE SET; Schema: public; Owner: Tmart_user
--

SELECT pg_catalog.setval('public.auth_permission_id_seq', 96, true);


--
-- Name: auth_user_groups_id_seq; Type: SEQUENCE SET; Schema: public; Owner: Tmart_user
--

SELECT pg_catalog.setval('public.auth_user_groups_id_seq', 1, false);


--
-- Name: auth_user_id_seq; Type: SEQUENCE SET; Schema: public; Owner: Tmart_user
--

SELECT pg_catalog.setval('public.auth_user_id_seq', 1, true);


--
-- Name: auth_user_user_permissions_id_seq; Type: SEQUENCE SET; Schema: public; Owner: Tmart_user
--

SELECT pg_catalog.setval('public.auth_user_user_permissions_id_seq', 1, false);


--
-- Name: blog_blog_id_seq; Type: SEQUENCE SET; Schema: public; Owner: Tmart_user
--

SELECT pg_catalog.setval('public.blog_blog_id_seq', 1, false);


--
-- Name: blog_blog_tags_id_seq; Type: SEQUENCE SET; Schema: public; Owner: Tmart_user
--

SELECT pg_catalog.setval('public.blog_blog_tags_id_seq', 1, false);


--
-- Name: blog_blogcategory_id_seq; Type: SEQUENCE SET; Schema: public; Owner: Tmart_user
--

SELECT pg_catalog.setval('public.blog_blogcategory_id_seq', 1, false);


--
-- Name: blog_blogtag_id_seq; Type: SEQUENCE SET; Schema: public; Owner: Tmart_user
--

SELECT pg_catalog.setval('public.blog_blogtag_id_seq', 1, false);


--
-- Name: blog_comment_id_seq; Type: SEQUENCE SET; Schema: public; Owner: Tmart_user
--

SELECT pg_catalog.setval('public.blog_comment_id_seq', 1, false);


--
-- Name: core_contact_id_seq; Type: SEQUENCE SET; Schema: public; Owner: Tmart_user
--

SELECT pg_catalog.setval('public.core_contact_id_seq', 1, false);


--
-- Name: core_newsletter_id_seq; Type: SEQUENCE SET; Schema: public; Owner: Tmart_user
--

SELECT pg_catalog.setval('public.core_newsletter_id_seq', 1, false);


--
-- Name: core_team_id_seq; Type: SEQUENCE SET; Schema: public; Owner: Tmart_user
--

SELECT pg_catalog.setval('public.core_team_id_seq', 1, false);


--
-- Name: django_admin_log_id_seq; Type: SEQUENCE SET; Schema: public; Owner: Tmart_user
--

SELECT pg_catalog.setval('public.django_admin_log_id_seq', 1, false);


--
-- Name: django_content_type_id_seq; Type: SEQUENCE SET; Schema: public; Owner: Tmart_user
--

SELECT pg_catalog.setval('public.django_content_type_id_seq', 24, true);


--
-- Name: django_migrations_id_seq; Type: SEQUENCE SET; Schema: public; Owner: Tmart_user
--

SELECT pg_catalog.setval('public.django_migrations_id_seq', 26, true);


--
-- Name: order_billing_id_seq; Type: SEQUENCE SET; Schema: public; Owner: Tmart_user
--

SELECT pg_catalog.setval('public.order_billing_id_seq', 1, false);


--
-- Name: order_cart_id_seq; Type: SEQUENCE SET; Schema: public; Owner: Tmart_user
--

SELECT pg_catalog.setval('public.order_cart_id_seq', 1, false);


--
-- Name: order_cart_user_id_seq; Type: SEQUENCE SET; Schema: public; Owner: Tmart_user
--

SELECT pg_catalog.setval('public.order_cart_user_id_seq', 1, false);


--
-- Name: order_wishlist_id_seq; Type: SEQUENCE SET; Schema: public; Owner: Tmart_user
--

SELECT pg_catalog.setval('public.order_wishlist_id_seq', 1, false);


--
-- Name: order_wishlist_user_id_seq; Type: SEQUENCE SET; Schema: public; Owner: Tmart_user
--

SELECT pg_catalog.setval('public.order_wishlist_user_id_seq', 1, false);


--
-- Name: product_category_id_seq; Type: SEQUENCE SET; Schema: public; Owner: Tmart_user
--

SELECT pg_catalog.setval('public.product_category_id_seq', 1, false);


--
-- Name: product_product_id_seq; Type: SEQUENCE SET; Schema: public; Owner: Tmart_user
--

SELECT pg_catalog.setval('public.product_product_id_seq', 1, false);


--
-- Name: product_product_tags_id_seq; Type: SEQUENCE SET; Schema: public; Owner: Tmart_user
--

SELECT pg_catalog.setval('public.product_product_tags_id_seq', 1, false);


--
-- Name: product_productimage_id_seq; Type: SEQUENCE SET; Schema: public; Owner: Tmart_user
--

SELECT pg_catalog.setval('public.product_productimage_id_seq', 1, false);


--
-- Name: product_productproperty_id_seq; Type: SEQUENCE SET; Schema: public; Owner: Tmart_user
--

SELECT pg_catalog.setval('public.product_productproperty_id_seq', 1, false);


--
-- Name: product_productproperty_products_id_seq; Type: SEQUENCE SET; Schema: public; Owner: Tmart_user
--

SELECT pg_catalog.setval('public.product_productproperty_products_id_seq', 1, false);


--
-- Name: product_producttag_id_seq; Type: SEQUENCE SET; Schema: public; Owner: Tmart_user
--

SELECT pg_catalog.setval('public.product_producttag_id_seq', 1, false);


--
-- Name: product_propertyvalue_id_seq; Type: SEQUENCE SET; Schema: public; Owner: Tmart_user
--

SELECT pg_catalog.setval('public.product_propertyvalue_id_seq', 1, false);


--
-- Name: product_review_id_seq; Type: SEQUENCE SET; Schema: public; Owner: Tmart_user
--

SELECT pg_catalog.setval('public.product_review_id_seq', 1, false);


--
-- Name: auth_group auth_group_name_key; Type: CONSTRAINT; Schema: public; Owner: Tmart_user
--

ALTER TABLE ONLY public.auth_group
    ADD CONSTRAINT auth_group_name_key UNIQUE (name);


--
-- Name: auth_group_permissions auth_group_permissions_group_id_permission_id_0cd325b0_uniq; Type: CONSTRAINT; Schema: public; Owner: Tmart_user
--

ALTER TABLE ONLY public.auth_group_permissions
    ADD CONSTRAINT auth_group_permissions_group_id_permission_id_0cd325b0_uniq UNIQUE (group_id, permission_id);


--
-- Name: auth_group_permissions auth_group_permissions_pkey; Type: CONSTRAINT; Schema: public; Owner: Tmart_user
--

ALTER TABLE ONLY public.auth_group_permissions
    ADD CONSTRAINT auth_group_permissions_pkey PRIMARY KEY (id);


--
-- Name: auth_group auth_group_pkey; Type: CONSTRAINT; Schema: public; Owner: Tmart_user
--

ALTER TABLE ONLY public.auth_group
    ADD CONSTRAINT auth_group_pkey PRIMARY KEY (id);


--
-- Name: auth_permission auth_permission_content_type_id_codename_01ab375a_uniq; Type: CONSTRAINT; Schema: public; Owner: Tmart_user
--

ALTER TABLE ONLY public.auth_permission
    ADD CONSTRAINT auth_permission_content_type_id_codename_01ab375a_uniq UNIQUE (content_type_id, codename);


--
-- Name: auth_permission auth_permission_pkey; Type: CONSTRAINT; Schema: public; Owner: Tmart_user
--

ALTER TABLE ONLY public.auth_permission
    ADD CONSTRAINT auth_permission_pkey PRIMARY KEY (id);


--
-- Name: auth_user_groups auth_user_groups_pkey; Type: CONSTRAINT; Schema: public; Owner: Tmart_user
--

ALTER TABLE ONLY public.auth_user_groups
    ADD CONSTRAINT auth_user_groups_pkey PRIMARY KEY (id);


--
-- Name: auth_user_groups auth_user_groups_user_id_group_id_94350c0c_uniq; Type: CONSTRAINT; Schema: public; Owner: Tmart_user
--

ALTER TABLE ONLY public.auth_user_groups
    ADD CONSTRAINT auth_user_groups_user_id_group_id_94350c0c_uniq UNIQUE (user_id, group_id);


--
-- Name: auth_user auth_user_pkey; Type: CONSTRAINT; Schema: public; Owner: Tmart_user
--

ALTER TABLE ONLY public.auth_user
    ADD CONSTRAINT auth_user_pkey PRIMARY KEY (id);


--
-- Name: auth_user_user_permissions auth_user_user_permissions_pkey; Type: CONSTRAINT; Schema: public; Owner: Tmart_user
--

ALTER TABLE ONLY public.auth_user_user_permissions
    ADD CONSTRAINT auth_user_user_permissions_pkey PRIMARY KEY (id);


--
-- Name: auth_user_user_permissions auth_user_user_permissions_user_id_permission_id_14a6b632_uniq; Type: CONSTRAINT; Schema: public; Owner: Tmart_user
--

ALTER TABLE ONLY public.auth_user_user_permissions
    ADD CONSTRAINT auth_user_user_permissions_user_id_permission_id_14a6b632_uniq UNIQUE (user_id, permission_id);


--
-- Name: auth_user auth_user_username_key; Type: CONSTRAINT; Schema: public; Owner: Tmart_user
--

ALTER TABLE ONLY public.auth_user
    ADD CONSTRAINT auth_user_username_key UNIQUE (username);


--
-- Name: blog_blog blog_blog_pkey; Type: CONSTRAINT; Schema: public; Owner: Tmart_user
--

ALTER TABLE ONLY public.blog_blog
    ADD CONSTRAINT blog_blog_pkey PRIMARY KEY (id);


--
-- Name: blog_blog_tags blog_blog_tags_blog_id_blogtag_id_4d8728be_uniq; Type: CONSTRAINT; Schema: public; Owner: Tmart_user
--

ALTER TABLE ONLY public.blog_blog_tags
    ADD CONSTRAINT blog_blog_tags_blog_id_blogtag_id_4d8728be_uniq UNIQUE (blog_id, blogtag_id);


--
-- Name: blog_blog_tags blog_blog_tags_pkey; Type: CONSTRAINT; Schema: public; Owner: Tmart_user
--

ALTER TABLE ONLY public.blog_blog_tags
    ADD CONSTRAINT blog_blog_tags_pkey PRIMARY KEY (id);


--
-- Name: blog_blogcategory blog_blogcategory_pkey; Type: CONSTRAINT; Schema: public; Owner: Tmart_user
--

ALTER TABLE ONLY public.blog_blogcategory
    ADD CONSTRAINT blog_blogcategory_pkey PRIMARY KEY (id);


--
-- Name: blog_blogtag blog_blogtag_pkey; Type: CONSTRAINT; Schema: public; Owner: Tmart_user
--

ALTER TABLE ONLY public.blog_blogtag
    ADD CONSTRAINT blog_blogtag_pkey PRIMARY KEY (id);


--
-- Name: blog_comment blog_comment_email_key; Type: CONSTRAINT; Schema: public; Owner: Tmart_user
--

ALTER TABLE ONLY public.blog_comment
    ADD CONSTRAINT blog_comment_email_key UNIQUE (email);


--
-- Name: blog_comment blog_comment_pkey; Type: CONSTRAINT; Schema: public; Owner: Tmart_user
--

ALTER TABLE ONLY public.blog_comment
    ADD CONSTRAINT blog_comment_pkey PRIMARY KEY (id);


--
-- Name: core_contact core_contact_email_key; Type: CONSTRAINT; Schema: public; Owner: Tmart_user
--

ALTER TABLE ONLY public.core_contact
    ADD CONSTRAINT core_contact_email_key UNIQUE (email);


--
-- Name: core_contact core_contact_pkey; Type: CONSTRAINT; Schema: public; Owner: Tmart_user
--

ALTER TABLE ONLY public.core_contact
    ADD CONSTRAINT core_contact_pkey PRIMARY KEY (id);


--
-- Name: core_newsletter core_newsletter_email_key; Type: CONSTRAINT; Schema: public; Owner: Tmart_user
--

ALTER TABLE ONLY public.core_newsletter
    ADD CONSTRAINT core_newsletter_email_key UNIQUE (email);


--
-- Name: core_newsletter core_newsletter_pkey; Type: CONSTRAINT; Schema: public; Owner: Tmart_user
--

ALTER TABLE ONLY public.core_newsletter
    ADD CONSTRAINT core_newsletter_pkey PRIMARY KEY (id);


--
-- Name: core_team core_team_email_key; Type: CONSTRAINT; Schema: public; Owner: Tmart_user
--

ALTER TABLE ONLY public.core_team
    ADD CONSTRAINT core_team_email_key UNIQUE (email);


--
-- Name: core_team core_team_pkey; Type: CONSTRAINT; Schema: public; Owner: Tmart_user
--

ALTER TABLE ONLY public.core_team
    ADD CONSTRAINT core_team_pkey PRIMARY KEY (id);


--
-- Name: django_admin_log django_admin_log_pkey; Type: CONSTRAINT; Schema: public; Owner: Tmart_user
--

ALTER TABLE ONLY public.django_admin_log
    ADD CONSTRAINT django_admin_log_pkey PRIMARY KEY (id);


--
-- Name: django_content_type django_content_type_app_label_model_76bd3d3b_uniq; Type: CONSTRAINT; Schema: public; Owner: Tmart_user
--

ALTER TABLE ONLY public.django_content_type
    ADD CONSTRAINT django_content_type_app_label_model_76bd3d3b_uniq UNIQUE (app_label, model);


--
-- Name: django_content_type django_content_type_pkey; Type: CONSTRAINT; Schema: public; Owner: Tmart_user
--

ALTER TABLE ONLY public.django_content_type
    ADD CONSTRAINT django_content_type_pkey PRIMARY KEY (id);


--
-- Name: django_migrations django_migrations_pkey; Type: CONSTRAINT; Schema: public; Owner: Tmart_user
--

ALTER TABLE ONLY public.django_migrations
    ADD CONSTRAINT django_migrations_pkey PRIMARY KEY (id);


--
-- Name: django_session django_session_pkey; Type: CONSTRAINT; Schema: public; Owner: Tmart_user
--

ALTER TABLE ONLY public.django_session
    ADD CONSTRAINT django_session_pkey PRIMARY KEY (session_key);


--
-- Name: order_billing order_billing_pkey; Type: CONSTRAINT; Schema: public; Owner: Tmart_user
--

ALTER TABLE ONLY public.order_billing
    ADD CONSTRAINT order_billing_pkey PRIMARY KEY (id);


--
-- Name: order_cart order_cart_pkey; Type: CONSTRAINT; Schema: public; Owner: Tmart_user
--

ALTER TABLE ONLY public.order_cart
    ADD CONSTRAINT order_cart_pkey PRIMARY KEY (id);


--
-- Name: order_cart_user order_cart_user_cart_id_user_id_ce6aad73_uniq; Type: CONSTRAINT; Schema: public; Owner: Tmart_user
--

ALTER TABLE ONLY public.order_cart_user
    ADD CONSTRAINT order_cart_user_cart_id_user_id_ce6aad73_uniq UNIQUE (cart_id, user_id);


--
-- Name: order_cart_user order_cart_user_pkey; Type: CONSTRAINT; Schema: public; Owner: Tmart_user
--

ALTER TABLE ONLY public.order_cart_user
    ADD CONSTRAINT order_cart_user_pkey PRIMARY KEY (id);


--
-- Name: order_wishlist order_wishlist_pkey; Type: CONSTRAINT; Schema: public; Owner: Tmart_user
--

ALTER TABLE ONLY public.order_wishlist
    ADD CONSTRAINT order_wishlist_pkey PRIMARY KEY (id);


--
-- Name: order_wishlist_user order_wishlist_user_pkey; Type: CONSTRAINT; Schema: public; Owner: Tmart_user
--

ALTER TABLE ONLY public.order_wishlist_user
    ADD CONSTRAINT order_wishlist_user_pkey PRIMARY KEY (id);


--
-- Name: order_wishlist_user order_wishlist_user_wishlist_id_user_id_f6d048f8_uniq; Type: CONSTRAINT; Schema: public; Owner: Tmart_user
--

ALTER TABLE ONLY public.order_wishlist_user
    ADD CONSTRAINT order_wishlist_user_wishlist_id_user_id_f6d048f8_uniq UNIQUE (wishlist_id, user_id);


--
-- Name: product_category product_category_pkey; Type: CONSTRAINT; Schema: public; Owner: Tmart_user
--

ALTER TABLE ONLY public.product_category
    ADD CONSTRAINT product_category_pkey PRIMARY KEY (id);


--
-- Name: product_category product_category_slug_key; Type: CONSTRAINT; Schema: public; Owner: Tmart_user
--

ALTER TABLE ONLY public.product_category
    ADD CONSTRAINT product_category_slug_key UNIQUE (slug);


--
-- Name: product_product product_product_pkey; Type: CONSTRAINT; Schema: public; Owner: Tmart_user
--

ALTER TABLE ONLY public.product_product
    ADD CONSTRAINT product_product_pkey PRIMARY KEY (id);


--
-- Name: product_product product_product_slug_key; Type: CONSTRAINT; Schema: public; Owner: Tmart_user
--

ALTER TABLE ONLY public.product_product
    ADD CONSTRAINT product_product_slug_key UNIQUE (slug);


--
-- Name: product_product_tags product_product_tags_pkey; Type: CONSTRAINT; Schema: public; Owner: Tmart_user
--

ALTER TABLE ONLY public.product_product_tags
    ADD CONSTRAINT product_product_tags_pkey PRIMARY KEY (id);


--
-- Name: product_product_tags product_product_tags_product_id_producttag_id_6d60d4e7_uniq; Type: CONSTRAINT; Schema: public; Owner: Tmart_user
--

ALTER TABLE ONLY public.product_product_tags
    ADD CONSTRAINT product_product_tags_product_id_producttag_id_6d60d4e7_uniq UNIQUE (product_id, producttag_id);


--
-- Name: product_productimage product_productimage_pkey; Type: CONSTRAINT; Schema: public; Owner: Tmart_user
--

ALTER TABLE ONLY public.product_productimage
    ADD CONSTRAINT product_productimage_pkey PRIMARY KEY (id);


--
-- Name: product_productproperty_products product_productproperty__productproperty_id_produ_f4ec4783_uniq; Type: CONSTRAINT; Schema: public; Owner: Tmart_user
--

ALTER TABLE ONLY public.product_productproperty_products
    ADD CONSTRAINT product_productproperty__productproperty_id_produ_f4ec4783_uniq UNIQUE (productproperty_id, product_id);


--
-- Name: product_productproperty product_productproperty_pkey; Type: CONSTRAINT; Schema: public; Owner: Tmart_user
--

ALTER TABLE ONLY public.product_productproperty
    ADD CONSTRAINT product_productproperty_pkey PRIMARY KEY (id);


--
-- Name: product_productproperty_products product_productproperty_products_pkey; Type: CONSTRAINT; Schema: public; Owner: Tmart_user
--

ALTER TABLE ONLY public.product_productproperty_products
    ADD CONSTRAINT product_productproperty_products_pkey PRIMARY KEY (id);


--
-- Name: product_producttag product_producttag_pkey; Type: CONSTRAINT; Schema: public; Owner: Tmart_user
--

ALTER TABLE ONLY public.product_producttag
    ADD CONSTRAINT product_producttag_pkey PRIMARY KEY (id);


--
-- Name: product_producttag product_producttag_slug_key; Type: CONSTRAINT; Schema: public; Owner: Tmart_user
--

ALTER TABLE ONLY public.product_producttag
    ADD CONSTRAINT product_producttag_slug_key UNIQUE (slug);


--
-- Name: product_propertyvalue product_propertyvalue_pkey; Type: CONSTRAINT; Schema: public; Owner: Tmart_user
--

ALTER TABLE ONLY public.product_propertyvalue
    ADD CONSTRAINT product_propertyvalue_pkey PRIMARY KEY (id);


--
-- Name: product_review product_review_email_key; Type: CONSTRAINT; Schema: public; Owner: Tmart_user
--

ALTER TABLE ONLY public.product_review
    ADD CONSTRAINT product_review_email_key UNIQUE (email);


--
-- Name: product_review product_review_pkey; Type: CONSTRAINT; Schema: public; Owner: Tmart_user
--

ALTER TABLE ONLY public.product_review
    ADD CONSTRAINT product_review_pkey PRIMARY KEY (id);


--
-- Name: auth_group_name_a6ea08ec_like; Type: INDEX; Schema: public; Owner: Tmart_user
--

CREATE INDEX auth_group_name_a6ea08ec_like ON public.auth_group USING btree (name varchar_pattern_ops);


--
-- Name: auth_group_permissions_group_id_b120cbf9; Type: INDEX; Schema: public; Owner: Tmart_user
--

CREATE INDEX auth_group_permissions_group_id_b120cbf9 ON public.auth_group_permissions USING btree (group_id);


--
-- Name: auth_group_permissions_permission_id_84c5c92e; Type: INDEX; Schema: public; Owner: Tmart_user
--

CREATE INDEX auth_group_permissions_permission_id_84c5c92e ON public.auth_group_permissions USING btree (permission_id);


--
-- Name: auth_permission_content_type_id_2f476e4b; Type: INDEX; Schema: public; Owner: Tmart_user
--

CREATE INDEX auth_permission_content_type_id_2f476e4b ON public.auth_permission USING btree (content_type_id);


--
-- Name: auth_user_groups_group_id_97559544; Type: INDEX; Schema: public; Owner: Tmart_user
--

CREATE INDEX auth_user_groups_group_id_97559544 ON public.auth_user_groups USING btree (group_id);


--
-- Name: auth_user_groups_user_id_6a12ed8b; Type: INDEX; Schema: public; Owner: Tmart_user
--

CREATE INDEX auth_user_groups_user_id_6a12ed8b ON public.auth_user_groups USING btree (user_id);


--
-- Name: auth_user_user_permissions_permission_id_1fbb5f2c; Type: INDEX; Schema: public; Owner: Tmart_user
--

CREATE INDEX auth_user_user_permissions_permission_id_1fbb5f2c ON public.auth_user_user_permissions USING btree (permission_id);


--
-- Name: auth_user_user_permissions_user_id_a95ead1b; Type: INDEX; Schema: public; Owner: Tmart_user
--

CREATE INDEX auth_user_user_permissions_user_id_a95ead1b ON public.auth_user_user_permissions USING btree (user_id);


--
-- Name: auth_user_username_6821ab7c_like; Type: INDEX; Schema: public; Owner: Tmart_user
--

CREATE INDEX auth_user_username_6821ab7c_like ON public.auth_user USING btree (username varchar_pattern_ops);


--
-- Name: blog_blog_category_id_c34d5f94; Type: INDEX; Schema: public; Owner: Tmart_user
--

CREATE INDEX blog_blog_category_id_c34d5f94 ON public.blog_blog USING btree (category_id);


--
-- Name: blog_blog_products_id_7fe7c02e; Type: INDEX; Schema: public; Owner: Tmart_user
--

CREATE INDEX blog_blog_products_id_7fe7c02e ON public.blog_blog USING btree (products_id);


--
-- Name: blog_blog_slug_4812aa2c; Type: INDEX; Schema: public; Owner: Tmart_user
--

CREATE INDEX blog_blog_slug_4812aa2c ON public.blog_blog USING btree (slug);


--
-- Name: blog_blog_slug_4812aa2c_like; Type: INDEX; Schema: public; Owner: Tmart_user
--

CREATE INDEX blog_blog_slug_4812aa2c_like ON public.blog_blog USING btree (slug varchar_pattern_ops);


--
-- Name: blog_blog_tags_blog_id_e4cd5f6a; Type: INDEX; Schema: public; Owner: Tmart_user
--

CREATE INDEX blog_blog_tags_blog_id_e4cd5f6a ON public.blog_blog_tags USING btree (blog_id);


--
-- Name: blog_blog_tags_blogtag_id_caf07060; Type: INDEX; Schema: public; Owner: Tmart_user
--

CREATE INDEX blog_blog_tags_blogtag_id_caf07060 ON public.blog_blog_tags USING btree (blogtag_id);


--
-- Name: blog_blog_users_id_ed9ddb96; Type: INDEX; Schema: public; Owner: Tmart_user
--

CREATE INDEX blog_blog_users_id_ed9ddb96 ON public.blog_blog USING btree (users_id);


--
-- Name: blog_blogcategory_main_category_id_ffd50cce; Type: INDEX; Schema: public; Owner: Tmart_user
--

CREATE INDEX blog_blogcategory_main_category_id_ffd50cce ON public.blog_blogcategory USING btree (main_category_id);


--
-- Name: blog_blogcategory_slug_7996de7a; Type: INDEX; Schema: public; Owner: Tmart_user
--

CREATE INDEX blog_blogcategory_slug_7996de7a ON public.blog_blogcategory USING btree (slug);


--
-- Name: blog_blogcategory_slug_7996de7a_like; Type: INDEX; Schema: public; Owner: Tmart_user
--

CREATE INDEX blog_blogcategory_slug_7996de7a_like ON public.blog_blogcategory USING btree (slug varchar_pattern_ops);


--
-- Name: blog_blogtag_slug_eecf3988; Type: INDEX; Schema: public; Owner: Tmart_user
--

CREATE INDEX blog_blogtag_slug_eecf3988 ON public.blog_blogtag USING btree (slug);


--
-- Name: blog_blogtag_slug_eecf3988_like; Type: INDEX; Schema: public; Owner: Tmart_user
--

CREATE INDEX blog_blogtag_slug_eecf3988_like ON public.blog_blogtag USING btree (slug varchar_pattern_ops);


--
-- Name: blog_comment_blogs_id_1a993e60; Type: INDEX; Schema: public; Owner: Tmart_user
--

CREATE INDEX blog_comment_blogs_id_1a993e60 ON public.blog_comment USING btree (blogs_id);


--
-- Name: blog_comment_email_905ecfb2_like; Type: INDEX; Schema: public; Owner: Tmart_user
--

CREATE INDEX blog_comment_email_905ecfb2_like ON public.blog_comment USING btree (email varchar_pattern_ops);


--
-- Name: blog_comment_users_id_b92b6eff; Type: INDEX; Schema: public; Owner: Tmart_user
--

CREATE INDEX blog_comment_users_id_b92b6eff ON public.blog_comment USING btree (users_id);


--
-- Name: core_contact_email_5f506adf_like; Type: INDEX; Schema: public; Owner: Tmart_user
--

CREATE INDEX core_contact_email_5f506adf_like ON public.core_contact USING btree (email varchar_pattern_ops);


--
-- Name: core_newsletter_email_78f32592_like; Type: INDEX; Schema: public; Owner: Tmart_user
--

CREATE INDEX core_newsletter_email_78f32592_like ON public.core_newsletter USING btree (email varchar_pattern_ops);


--
-- Name: core_team_email_d204198e_like; Type: INDEX; Schema: public; Owner: Tmart_user
--

CREATE INDEX core_team_email_d204198e_like ON public.core_team USING btree (email varchar_pattern_ops);


--
-- Name: django_admin_log_content_type_id_c4bce8eb; Type: INDEX; Schema: public; Owner: Tmart_user
--

CREATE INDEX django_admin_log_content_type_id_c4bce8eb ON public.django_admin_log USING btree (content_type_id);


--
-- Name: django_admin_log_user_id_c564eba6; Type: INDEX; Schema: public; Owner: Tmart_user
--

CREATE INDEX django_admin_log_user_id_c564eba6 ON public.django_admin_log USING btree (user_id);


--
-- Name: django_session_expire_date_a5c62663; Type: INDEX; Schema: public; Owner: Tmart_user
--

CREATE INDEX django_session_expire_date_a5c62663 ON public.django_session USING btree (expire_date);


--
-- Name: django_session_session_key_c0390e0f_like; Type: INDEX; Schema: public; Owner: Tmart_user
--

CREATE INDEX django_session_session_key_c0390e0f_like ON public.django_session USING btree (session_key varchar_pattern_ops);


--
-- Name: order_billing_user_id_f6e5d6f2; Type: INDEX; Schema: public; Owner: Tmart_user
--

CREATE INDEX order_billing_user_id_f6e5d6f2 ON public.order_billing USING btree (user_id);


--
-- Name: order_cart_user_cart_id_b4b60f18; Type: INDEX; Schema: public; Owner: Tmart_user
--

CREATE INDEX order_cart_user_cart_id_b4b60f18 ON public.order_cart_user USING btree (cart_id);


--
-- Name: order_cart_user_user_id_8f611070; Type: INDEX; Schema: public; Owner: Tmart_user
--

CREATE INDEX order_cart_user_user_id_8f611070 ON public.order_cart_user USING btree (user_id);


--
-- Name: order_wishlist_user_user_id_8d43c4a3; Type: INDEX; Schema: public; Owner: Tmart_user
--

CREATE INDEX order_wishlist_user_user_id_8d43c4a3 ON public.order_wishlist_user USING btree (user_id);


--
-- Name: order_wishlist_user_wishlist_id_ff679c0b; Type: INDEX; Schema: public; Owner: Tmart_user
--

CREATE INDEX order_wishlist_user_wishlist_id_ff679c0b ON public.order_wishlist_user USING btree (wishlist_id);


--
-- Name: product_category_main_category_id_efae53c1; Type: INDEX; Schema: public; Owner: Tmart_user
--

CREATE INDEX product_category_main_category_id_efae53c1 ON public.product_category USING btree (main_category_id);


--
-- Name: product_category_slug_e1f8ccc4_like; Type: INDEX; Schema: public; Owner: Tmart_user
--

CREATE INDEX product_category_slug_e1f8ccc4_like ON public.product_category USING btree (slug varchar_pattern_ops);


--
-- Name: product_product_category_id_0c725779; Type: INDEX; Schema: public; Owner: Tmart_user
--

CREATE INDEX product_product_category_id_0c725779 ON public.product_product USING btree (category_id);


--
-- Name: product_product_slug_76cde0ae_like; Type: INDEX; Schema: public; Owner: Tmart_user
--

CREATE INDEX product_product_slug_76cde0ae_like ON public.product_product USING btree (slug varchar_pattern_ops);


--
-- Name: product_product_tags_product_id_a72c644e; Type: INDEX; Schema: public; Owner: Tmart_user
--

CREATE INDEX product_product_tags_product_id_a72c644e ON public.product_product_tags USING btree (product_id);


--
-- Name: product_product_tags_producttag_id_bbe254f9; Type: INDEX; Schema: public; Owner: Tmart_user
--

CREATE INDEX product_product_tags_producttag_id_bbe254f9 ON public.product_product_tags USING btree (producttag_id);


--
-- Name: product_productimage_product_id_544084bb; Type: INDEX; Schema: public; Owner: Tmart_user
--

CREATE INDEX product_productimage_product_id_544084bb ON public.product_productimage USING btree (product_id);


--
-- Name: product_productproperty_products_product_id_7d1b3d69; Type: INDEX; Schema: public; Owner: Tmart_user
--

CREATE INDEX product_productproperty_products_product_id_7d1b3d69 ON public.product_productproperty_products USING btree (product_id);


--
-- Name: product_productproperty_products_productproperty_id_42c15951; Type: INDEX; Schema: public; Owner: Tmart_user
--

CREATE INDEX product_productproperty_products_productproperty_id_42c15951 ON public.product_productproperty_products USING btree (productproperty_id);


--
-- Name: product_productproperty_slug_ebf4af31; Type: INDEX; Schema: public; Owner: Tmart_user
--

CREATE INDEX product_productproperty_slug_ebf4af31 ON public.product_productproperty USING btree (slug);


--
-- Name: product_productproperty_slug_ebf4af31_like; Type: INDEX; Schema: public; Owner: Tmart_user
--

CREATE INDEX product_productproperty_slug_ebf4af31_like ON public.product_productproperty USING btree (slug varchar_pattern_ops);


--
-- Name: product_producttag_slug_7cc675e6_like; Type: INDEX; Schema: public; Owner: Tmart_user
--

CREATE INDEX product_producttag_slug_7cc675e6_like ON public.product_producttag USING btree (slug varchar_pattern_ops);


--
-- Name: product_propertyvalue_product_value_id_51147ba7; Type: INDEX; Schema: public; Owner: Tmart_user
--

CREATE INDEX product_propertyvalue_product_value_id_51147ba7 ON public.product_propertyvalue USING btree (product_value_id);


--
-- Name: product_propertyvalue_slug_e02d835c; Type: INDEX; Schema: public; Owner: Tmart_user
--

CREATE INDEX product_propertyvalue_slug_e02d835c ON public.product_propertyvalue USING btree (slug);


--
-- Name: product_propertyvalue_slug_e02d835c_like; Type: INDEX; Schema: public; Owner: Tmart_user
--

CREATE INDEX product_propertyvalue_slug_e02d835c_like ON public.product_propertyvalue USING btree (slug varchar_pattern_ops);


--
-- Name: product_review_email_933e86f3_like; Type: INDEX; Schema: public; Owner: Tmart_user
--

CREATE INDEX product_review_email_933e86f3_like ON public.product_review USING btree (email varchar_pattern_ops);


--
-- Name: product_review_products_id_66916297; Type: INDEX; Schema: public; Owner: Tmart_user
--

CREATE INDEX product_review_products_id_66916297 ON public.product_review USING btree (products_id);


--
-- Name: product_review_users_id_abf83852; Type: INDEX; Schema: public; Owner: Tmart_user
--

CREATE INDEX product_review_users_id_abf83852 ON public.product_review USING btree (users_id);


--
-- Name: auth_group_permissions auth_group_permissio_permission_id_84c5c92e_fk_auth_perm; Type: FK CONSTRAINT; Schema: public; Owner: Tmart_user
--

ALTER TABLE ONLY public.auth_group_permissions
    ADD CONSTRAINT auth_group_permissio_permission_id_84c5c92e_fk_auth_perm FOREIGN KEY (permission_id) REFERENCES public.auth_permission(id) DEFERRABLE INITIALLY DEFERRED;


--
-- Name: auth_group_permissions auth_group_permissions_group_id_b120cbf9_fk_auth_group_id; Type: FK CONSTRAINT; Schema: public; Owner: Tmart_user
--

ALTER TABLE ONLY public.auth_group_permissions
    ADD CONSTRAINT auth_group_permissions_group_id_b120cbf9_fk_auth_group_id FOREIGN KEY (group_id) REFERENCES public.auth_group(id) DEFERRABLE INITIALLY DEFERRED;


--
-- Name: auth_permission auth_permission_content_type_id_2f476e4b_fk_django_co; Type: FK CONSTRAINT; Schema: public; Owner: Tmart_user
--

ALTER TABLE ONLY public.auth_permission
    ADD CONSTRAINT auth_permission_content_type_id_2f476e4b_fk_django_co FOREIGN KEY (content_type_id) REFERENCES public.django_content_type(id) DEFERRABLE INITIALLY DEFERRED;


--
-- Name: auth_user_groups auth_user_groups_group_id_97559544_fk_auth_group_id; Type: FK CONSTRAINT; Schema: public; Owner: Tmart_user
--

ALTER TABLE ONLY public.auth_user_groups
    ADD CONSTRAINT auth_user_groups_group_id_97559544_fk_auth_group_id FOREIGN KEY (group_id) REFERENCES public.auth_group(id) DEFERRABLE INITIALLY DEFERRED;


--
-- Name: auth_user_groups auth_user_groups_user_id_6a12ed8b_fk_auth_user_id; Type: FK CONSTRAINT; Schema: public; Owner: Tmart_user
--

ALTER TABLE ONLY public.auth_user_groups
    ADD CONSTRAINT auth_user_groups_user_id_6a12ed8b_fk_auth_user_id FOREIGN KEY (user_id) REFERENCES public.auth_user(id) DEFERRABLE INITIALLY DEFERRED;


--
-- Name: auth_user_user_permissions auth_user_user_permi_permission_id_1fbb5f2c_fk_auth_perm; Type: FK CONSTRAINT; Schema: public; Owner: Tmart_user
--

ALTER TABLE ONLY public.auth_user_user_permissions
    ADD CONSTRAINT auth_user_user_permi_permission_id_1fbb5f2c_fk_auth_perm FOREIGN KEY (permission_id) REFERENCES public.auth_permission(id) DEFERRABLE INITIALLY DEFERRED;


--
-- Name: auth_user_user_permissions auth_user_user_permissions_user_id_a95ead1b_fk_auth_user_id; Type: FK CONSTRAINT; Schema: public; Owner: Tmart_user
--

ALTER TABLE ONLY public.auth_user_user_permissions
    ADD CONSTRAINT auth_user_user_permissions_user_id_a95ead1b_fk_auth_user_id FOREIGN KEY (user_id) REFERENCES public.auth_user(id) DEFERRABLE INITIALLY DEFERRED;


--
-- Name: blog_blog blog_blog_category_id_c34d5f94_fk_blog_blogcategory_id; Type: FK CONSTRAINT; Schema: public; Owner: Tmart_user
--

ALTER TABLE ONLY public.blog_blog
    ADD CONSTRAINT blog_blog_category_id_c34d5f94_fk_blog_blogcategory_id FOREIGN KEY (category_id) REFERENCES public.blog_blogcategory(id) DEFERRABLE INITIALLY DEFERRED;


--
-- Name: blog_blog blog_blog_products_id_7fe7c02e_fk_product_product_id; Type: FK CONSTRAINT; Schema: public; Owner: Tmart_user
--

ALTER TABLE ONLY public.blog_blog
    ADD CONSTRAINT blog_blog_products_id_7fe7c02e_fk_product_product_id FOREIGN KEY (products_id) REFERENCES public.product_product(id) DEFERRABLE INITIALLY DEFERRED;


--
-- Name: blog_blog_tags blog_blog_tags_blog_id_e4cd5f6a_fk_blog_blog_id; Type: FK CONSTRAINT; Schema: public; Owner: Tmart_user
--

ALTER TABLE ONLY public.blog_blog_tags
    ADD CONSTRAINT blog_blog_tags_blog_id_e4cd5f6a_fk_blog_blog_id FOREIGN KEY (blog_id) REFERENCES public.blog_blog(id) DEFERRABLE INITIALLY DEFERRED;


--
-- Name: blog_blog_tags blog_blog_tags_blogtag_id_caf07060_fk_blog_blogtag_id; Type: FK CONSTRAINT; Schema: public; Owner: Tmart_user
--

ALTER TABLE ONLY public.blog_blog_tags
    ADD CONSTRAINT blog_blog_tags_blogtag_id_caf07060_fk_blog_blogtag_id FOREIGN KEY (blogtag_id) REFERENCES public.blog_blogtag(id) DEFERRABLE INITIALLY DEFERRED;


--
-- Name: blog_blog blog_blog_users_id_ed9ddb96_fk_auth_user_id; Type: FK CONSTRAINT; Schema: public; Owner: Tmart_user
--

ALTER TABLE ONLY public.blog_blog
    ADD CONSTRAINT blog_blog_users_id_ed9ddb96_fk_auth_user_id FOREIGN KEY (users_id) REFERENCES public.auth_user(id) DEFERRABLE INITIALLY DEFERRED;


--
-- Name: blog_blogcategory blog_blogcategory_main_category_id_ffd50cce_fk_blog_blog; Type: FK CONSTRAINT; Schema: public; Owner: Tmart_user
--

ALTER TABLE ONLY public.blog_blogcategory
    ADD CONSTRAINT blog_blogcategory_main_category_id_ffd50cce_fk_blog_blog FOREIGN KEY (main_category_id) REFERENCES public.blog_blogcategory(id) DEFERRABLE INITIALLY DEFERRED;


--
-- Name: blog_comment blog_comment_blogs_id_1a993e60_fk_blog_blog_id; Type: FK CONSTRAINT; Schema: public; Owner: Tmart_user
--

ALTER TABLE ONLY public.blog_comment
    ADD CONSTRAINT blog_comment_blogs_id_1a993e60_fk_blog_blog_id FOREIGN KEY (blogs_id) REFERENCES public.blog_blog(id) DEFERRABLE INITIALLY DEFERRED;


--
-- Name: blog_comment blog_comment_users_id_b92b6eff_fk_auth_user_id; Type: FK CONSTRAINT; Schema: public; Owner: Tmart_user
--

ALTER TABLE ONLY public.blog_comment
    ADD CONSTRAINT blog_comment_users_id_b92b6eff_fk_auth_user_id FOREIGN KEY (users_id) REFERENCES public.auth_user(id) DEFERRABLE INITIALLY DEFERRED;


--
-- Name: django_admin_log django_admin_log_content_type_id_c4bce8eb_fk_django_co; Type: FK CONSTRAINT; Schema: public; Owner: Tmart_user
--

ALTER TABLE ONLY public.django_admin_log
    ADD CONSTRAINT django_admin_log_content_type_id_c4bce8eb_fk_django_co FOREIGN KEY (content_type_id) REFERENCES public.django_content_type(id) DEFERRABLE INITIALLY DEFERRED;


--
-- Name: django_admin_log django_admin_log_user_id_c564eba6_fk_auth_user_id; Type: FK CONSTRAINT; Schema: public; Owner: Tmart_user
--

ALTER TABLE ONLY public.django_admin_log
    ADD CONSTRAINT django_admin_log_user_id_c564eba6_fk_auth_user_id FOREIGN KEY (user_id) REFERENCES public.auth_user(id) DEFERRABLE INITIALLY DEFERRED;


--
-- Name: order_billing order_billing_user_id_f6e5d6f2_fk_auth_user_id; Type: FK CONSTRAINT; Schema: public; Owner: Tmart_user
--

ALTER TABLE ONLY public.order_billing
    ADD CONSTRAINT order_billing_user_id_f6e5d6f2_fk_auth_user_id FOREIGN KEY (user_id) REFERENCES public.auth_user(id) DEFERRABLE INITIALLY DEFERRED;


--
-- Name: order_cart_user order_cart_user_cart_id_b4b60f18_fk_order_cart_id; Type: FK CONSTRAINT; Schema: public; Owner: Tmart_user
--

ALTER TABLE ONLY public.order_cart_user
    ADD CONSTRAINT order_cart_user_cart_id_b4b60f18_fk_order_cart_id FOREIGN KEY (cart_id) REFERENCES public.order_cart(id) DEFERRABLE INITIALLY DEFERRED;


--
-- Name: order_cart_user order_cart_user_user_id_8f611070_fk_auth_user_id; Type: FK CONSTRAINT; Schema: public; Owner: Tmart_user
--

ALTER TABLE ONLY public.order_cart_user
    ADD CONSTRAINT order_cart_user_user_id_8f611070_fk_auth_user_id FOREIGN KEY (user_id) REFERENCES public.auth_user(id) DEFERRABLE INITIALLY DEFERRED;


--
-- Name: order_wishlist_user order_wishlist_user_user_id_8d43c4a3_fk_auth_user_id; Type: FK CONSTRAINT; Schema: public; Owner: Tmart_user
--

ALTER TABLE ONLY public.order_wishlist_user
    ADD CONSTRAINT order_wishlist_user_user_id_8d43c4a3_fk_auth_user_id FOREIGN KEY (user_id) REFERENCES public.auth_user(id) DEFERRABLE INITIALLY DEFERRED;


--
-- Name: order_wishlist_user order_wishlist_user_wishlist_id_ff679c0b_fk_order_wishlist_id; Type: FK CONSTRAINT; Schema: public; Owner: Tmart_user
--

ALTER TABLE ONLY public.order_wishlist_user
    ADD CONSTRAINT order_wishlist_user_wishlist_id_ff679c0b_fk_order_wishlist_id FOREIGN KEY (wishlist_id) REFERENCES public.order_wishlist(id) DEFERRABLE INITIALLY DEFERRED;


--
-- Name: product_category product_category_main_category_id_efae53c1_fk_product_c; Type: FK CONSTRAINT; Schema: public; Owner: Tmart_user
--

ALTER TABLE ONLY public.product_category
    ADD CONSTRAINT product_category_main_category_id_efae53c1_fk_product_c FOREIGN KEY (main_category_id) REFERENCES public.product_category(id) DEFERRABLE INITIALLY DEFERRED;


--
-- Name: product_product product_product_category_id_0c725779_fk_product_category_id; Type: FK CONSTRAINT; Schema: public; Owner: Tmart_user
--

ALTER TABLE ONLY public.product_product
    ADD CONSTRAINT product_product_category_id_0c725779_fk_product_category_id FOREIGN KEY (category_id) REFERENCES public.product_category(id) DEFERRABLE INITIALLY DEFERRED;


--
-- Name: product_product_tags product_product_tags_product_id_a72c644e_fk_product_product_id; Type: FK CONSTRAINT; Schema: public; Owner: Tmart_user
--

ALTER TABLE ONLY public.product_product_tags
    ADD CONSTRAINT product_product_tags_product_id_a72c644e_fk_product_product_id FOREIGN KEY (product_id) REFERENCES public.product_product(id) DEFERRABLE INITIALLY DEFERRED;


--
-- Name: product_product_tags product_product_tags_producttag_id_bbe254f9_fk_product_p; Type: FK CONSTRAINT; Schema: public; Owner: Tmart_user
--

ALTER TABLE ONLY public.product_product_tags
    ADD CONSTRAINT product_product_tags_producttag_id_bbe254f9_fk_product_p FOREIGN KEY (producttag_id) REFERENCES public.product_producttag(id) DEFERRABLE INITIALLY DEFERRED;


--
-- Name: product_productimage product_productimage_product_id_544084bb_fk_product_product_id; Type: FK CONSTRAINT; Schema: public; Owner: Tmart_user
--

ALTER TABLE ONLY public.product_productimage
    ADD CONSTRAINT product_productimage_product_id_544084bb_fk_product_product_id FOREIGN KEY (product_id) REFERENCES public.product_product(id) DEFERRABLE INITIALLY DEFERRED;


--
-- Name: product_productproperty_products product_productprope_product_id_7d1b3d69_fk_product_p; Type: FK CONSTRAINT; Schema: public; Owner: Tmart_user
--

ALTER TABLE ONLY public.product_productproperty_products
    ADD CONSTRAINT product_productprope_product_id_7d1b3d69_fk_product_p FOREIGN KEY (product_id) REFERENCES public.product_product(id) DEFERRABLE INITIALLY DEFERRED;


--
-- Name: product_productproperty_products product_productprope_productproperty_id_42c15951_fk_product_p; Type: FK CONSTRAINT; Schema: public; Owner: Tmart_user
--

ALTER TABLE ONLY public.product_productproperty_products
    ADD CONSTRAINT product_productprope_productproperty_id_42c15951_fk_product_p FOREIGN KEY (productproperty_id) REFERENCES public.product_productproperty(id) DEFERRABLE INITIALLY DEFERRED;


--
-- Name: product_propertyvalue product_propertyvalu_product_value_id_51147ba7_fk_product_p; Type: FK CONSTRAINT; Schema: public; Owner: Tmart_user
--

ALTER TABLE ONLY public.product_propertyvalue
    ADD CONSTRAINT product_propertyvalu_product_value_id_51147ba7_fk_product_p FOREIGN KEY (product_value_id) REFERENCES public.product_productproperty(id) DEFERRABLE INITIALLY DEFERRED;


--
-- Name: product_review product_review_products_id_66916297_fk_product_product_id; Type: FK CONSTRAINT; Schema: public; Owner: Tmart_user
--

ALTER TABLE ONLY public.product_review
    ADD CONSTRAINT product_review_products_id_66916297_fk_product_product_id FOREIGN KEY (products_id) REFERENCES public.product_product(id) DEFERRABLE INITIALLY DEFERRED;


--
-- Name: product_review product_review_users_id_abf83852_fk_auth_user_id; Type: FK CONSTRAINT; Schema: public; Owner: Tmart_user
--

ALTER TABLE ONLY public.product_review
    ADD CONSTRAINT product_review_users_id_abf83852_fk_auth_user_id FOREIGN KEY (users_id) REFERENCES public.auth_user(id) DEFERRABLE INITIALLY DEFERRED;


--
-- PostgreSQL database dump complete
--

